date,vessel_class,tce
2014-01-03,VLCC,40000.0
2014-01-03,SUEZMAX,28000.0
2014-01-10,VLCC,48158.49
2014-01-10,SUEZMAX,22581.96
2014-01-17,VLCC,44688.72
2014-01-17,SUEZMAX,20050.78
2014-01-24,VLCC,41289.98
2014-01-24,SUEZMAX,13242.32
2014-01-31,VLCC,40889.09
2014-01-31,SUEZMAX,19661.33
2014-02-07,VLCC,29760.69
2014-02-07,SUEZMAX,16924.05
2014-02-14,VLCC,29694.06
2014-02-14,SUEZMAX,22943.36
2014-02-21,VLCC,29389.96
2014-02-21,SUEZMAX,27209.34
2014-02-28,VLCC,32699.12
2014-02-28,SUEZMAX,25222.56
2014-03-07,VLCC,31848.99
2014-03-07,SUEZMAX,17622.46
2014-03-14,VLCC,36370.73
2014-03-14,SUEZMAX,16505.88
2014-03-21,VLCC,27465.89
2014-03-21,SUEZMAX,11171.63
2014-03-28,VLCC,24069.2
2014-03-28,SUEZMAX,11549.33
2014-04-04,VLCC,19981.42
2014-04-04,SUEZMAX,8928.07
2014-04-11,VLCC,13823.13
2014-04-11,SUEZMAX,10643.19
2014-04-18,VLCC,15351.81
2014-04-18,SUEZMAX,7218.11
2014-04-25,VLCC,15185.42
2014-04-25,SUEZMAX,5654.63
2014-05-02,VLCC,18736.11
2014-05-02,SUEZMAX,13176.63
2014-05-09,VLCC,17999.24
2014-05-09,SUEZMAX,19997.18
2014-05-16,VLCC,25356.54
2014-05-16,SUEZMAX,15518.75
2014-05-23,VLCC,21207.62
2014-05-23,SUEZMAX,18666.84
2014-05-30,VLCC,23632.51
2014-05-30,SUEZMAX,21048.31
2014-06-06,VLCC,16743.4
2014-06-06,SUEZMAX,27151.77
2014-06-13,VLCC,12877.23
2014-06-13,SUEZMAX,35447.47
2014-06-20,VLCC,14991.97
2014-06-20,SUEZMAX,43599.51
2014-06-27,VLCC,11809.63
2014-06-27,SUEZMAX,45988.69
2014-07-04,VLCC,18150.7
2014-07-04,SUEZMAX,47709.2
2014-07-11,VLCC,21653.41
2014-07-11,SUEZMAX,50608.34
2014-07-18,VLCC,14578.86
2014-07-18,SUEZMAX,48020.83
2014-07-25,VLCC,19466.58
2014-07-25,SUEZMAX,37536.8
2014-08-01,VLCC,22575.43
2014-08-01,SUEZMAX,44190.2
2014-08-08,VLCC,28135.79
2014-08-08,SUEZMAX,41291.13
2014-08-15,VLCC,28619.56
2014-08-15,SUEZMAX,38484.65
2014-08-22,VLCC,35476.16
2014-08-22,SUEZMAX,35638.11
2014-08-29,VLCC,39293.93
2014-08-29,SUEZMAX,32647.06
2014-09-05,VLCC,42284.13
2014-09-05,SUEZMAX,39658.88
2014-09-12,VLCC,48687.13
2014-09-12,SUEZMAX,46387.56
2014-09-19,VLCC,47184.63
2014-09-19,SUEZMAX,49230.58
2014-09-26,VLCC,54383.93
2014-09-26,SUEZMAX,46823.96
2014-10-03,VLCC,44223.27
2014-10-03,SUEZMAX,47245.95
2014-10-10,VLCC,46802.52
2014-10-10,SUEZMAX,49650.8
2014-10-17,VLCC,40422.4
2014-10-17,SUEZMAX,50226.49
2014-10-24,VLCC,32830.86
2014-10-24,SUEZMAX,37264.93
2014-10-31,VLCC,41000.52
2014-10-31,SUEZMAX,36485.33
2014-11-07,VLCC,39135.39
2014-11-07,SUEZMAX,38984.68
2014-11-14,VLCC,40642.94
2014-11-14,SUEZMAX,41526.51
2014-11-21,VLCC,52752.13
2014-11-21,SUEZMAX,45954.44
2014-11-28,VLCC,48664.83
2014-11-28,SUEZMAX,46314.53
2014-12-05,VLCC,57707.83
2014-12-05,SUEZMAX,50936.58
2014-12-12,VLCC,52345.52
2014-12-12,SUEZMAX,55085.72
2014-12-19,VLCC,51628.53
2014-12-19,SUEZMAX,51236.61
2014-12-26,VLCC,46640.28
2014-12-26,SUEZMAX,48065.5
2015-01-02,VLCC,48155.54
2015-01-02,SUEZMAX,51293.74
2015-01-09,VLCC,46417.64
2015-01-09,SUEZMAX,53473.27
2015-01-16,VLCC,43179.7
2015-01-16,SUEZMAX,55067.25
2015-01-23,VLCC,41877.37
2015-01-23,SUEZMAX,53390.01
2015-01-30,VLCC,49790.16
2015-01-30,SUEZMAX,63273.88
2015-02-06,VLCC,61949.17
2015-02-06,SUEZMAX,60883.92
2015-02-13,VLCC,58083.4
2015-02-13,SUEZMAX,61879.63
2015-02-20,VLCC,65122.26
2015-02-20,SUEZMAX,59082.59
2015-02-27,VLCC,58940.54
2015-02-27,SUEZMAX,52805.81
2015-03-06,VLCC,61570.65
2015-03-06,SUEZMAX,46345.21
2015-03-13,VLCC,58868.76
2015-03-13,SUEZMAX,48548.55
2015-03-20,VLCC,59077.08
2015-03-20,SUEZMAX,41566.72
2015-03-27,VLCC,58255.63
2015-03-27,SUEZMAX,41651.17
2015-04-03,VLCC,54823.52
2015-04-03,SUEZMAX,41636.5
2015-04-10,VLCC,41252.99
2015-04-10,SUEZMAX,38108.61
2015-04-17,VLCC,45965.82
2015-04-17,SUEZMAX,41294.19
2015-04-24,VLCC,49147.02
2015-04-24,SUEZMAX,39182.7
2015-05-01,VLCC,56623.34
2015-05-01,SUEZMAX,43264.36
2015-05-08,VLCC,61894.12
2015-05-08,SUEZMAX,37908.58
2015-05-15,VLCC,56609.7
2015-05-15,SUEZMAX,38751.56
2015-05-22,VLCC,52850.95
2015-05-22,SUEZMAX,42950.1
2015-05-29,VLCC,48923.74
2015-05-29,SUEZMAX,42373.64
2015-06-05,VLCC,49987.23
2015-06-05,SUEZMAX,43333.74
2015-06-12,VLCC,37945.77
2015-06-12,SUEZMAX,42812.05
2015-06-19,VLCC,39400.56
2015-06-19,SUEZMAX,53473.03
2015-06-26,VLCC,42897.71
2015-06-26,SUEZMAX,52202.77
2015-07-03,VLCC,38410.17
2015-07-03,SUEZMAX,45276.12
2015-07-10,VLCC,43029.49
2015-07-10,SUEZMAX,49195.57
2015-07-17,VLCC,55654.68
2015-07-17,SUEZMAX,48394.45
2015-07-24,VLCC,57183.56
2015-07-24,SUEZMAX,39448.53
2015-07-31,VLCC,59682.06
2015-07-31,SUEZMAX,33281.34
2015-08-07,VLCC,59910.28
2015-08-07,SUEZMAX,34803.28
2015-08-14,VLCC,49899.77
2015-08-14,SUEZMAX,30562.0
2015-08-21,VLCC,56218.25
2015-08-21,SUEZMAX,38384.24
2015-08-28,VLCC,56163.86
2015-08-28,SUEZMAX,37524.94
2015-09-04,VLCC,59066.79
2015-09-04,SUEZMAX,35249.48
2015-09-11,VLCC,59965.61
2015-09-11,SUEZMAX,37795.52
2015-09-18,VLCC,59525.01
2015-09-18,SUEZMAX,35066.95
2015-09-25,VLCC,57561.75
2015-09-25,SUEZMAX,31928.52
2015-10-02,VLCC,59011.58
2015-10-02,SUEZMAX,27394.59
2015-10-09,VLCC,61548.75
2015-10-09,SUEZMAX,31498.85
2015-10-16,VLCC,65797.99
2015-10-16,SUEZMAX,31642.72
2015-10-23,VLCC,60102.4
2015-10-23,SUEZMAX,29290.77
2015-10-30,VLCC,55716.97
2015-10-30,SUEZMAX,23175.57
2015-11-06,VLCC,51486.13
2015-11-06,SUEZMAX,26531.45
2015-11-13,VLCC,45837.01
2015-11-13,SUEZMAX,20180.42
2015-11-20,VLCC,45810.71
2015-11-20,SUEZMAX,22059.95
2015-11-27,VLCC,45570.44
2015-11-27,SUEZMAX,25372.32
2015-12-04,VLCC,56029.31
2015-12-04,SUEZMAX,24039.67
2015-12-11,VLCC,58100.36
2015-12-11,SUEZMAX,27556.94
2015-12-18,VLCC,48495.3
2015-12-18,SUEZMAX,23304.62
2015-12-25,VLCC,54053.57
2015-12-25,SUEZMAX,21922.04
2016-01-01,VLCC,54916.99
2016-01-01,SUEZMAX,24726.54
2016-01-08,VLCC,54654.7
2016-01-08,SUEZMAX,29378.34
2016-01-15,VLCC,55940.52
2016-01-15,SUEZMAX,27243.36
2016-01-22,VLCC,60867.69
2016-01-22,SUEZMAX,28918.99
2016-01-29,VLCC,56792.5
2016-01-29,SUEZMAX,27238.96
2016-02-05,VLCC,58144.37
2016-02-05,SUEZMAX,23802.12
2016-02-12,VLCC,63007.22
2016-02-12,SUEZMAX,34671.49
2016-02-19,VLCC,66045.22
2016-02-19,SUEZMAX,35454.52
2016-02-26,VLCC,63998.84
2016-02-26,SUEZMAX,34290.05
2016-03-04,VLCC,48895.59
2016-03-04,SUEZMAX,42598.57
2016-03-11,VLCC,42273.15
2016-03-11,SUEZMAX,48919.94
2016-03-18,VLCC,33313.15
2016-03-18,SUEZMAX,44035.16
2016-03-25,VLCC,27987.91
2016-03-25,SUEZMAX,41195.66
2016-04-01,VLCC,38584.76
2016-04-01,SUEZMAX,45576.53
2016-04-08,VLCC,45206.27
2016-04-08,SUEZMAX,47015.15
2016-04-15,VLCC,33474.12
2016-04-15,SUEZMAX,48105.83
2016-04-22,VLCC,36474.3
2016-04-22,SUEZMAX,57766.95
2016-04-29,VLCC,38463.93
2016-04-29,SUEZMAX,57517.07
2016-05-06,VLCC,33360.29
2016-05-06,SUEZMAX,53954.66
2016-05-13,VLCC,37873.2
2016-05-13,SUEZMAX,50925.54
2016-05-20,VLCC,36652.01
2016-05-20,SUEZMAX,46579.28
2016-05-27,VLCC,34703.43
2016-05-27,SUEZMAX,47088.82
2016-06-03,VLCC,45321.8
2016-06-03,SUEZMAX,40140.84
2016-06-10,VLCC,49249.03
2016-06-10,SUEZMAX,37701.99
2016-06-17,VLCC,53065.51
2016-06-17,SUEZMAX,41424.98
2016-06-24,VLCC,50076.77
2016-06-24,SUEZMAX,35909.58
2016-07-01,VLCC,61719.83
2016-07-01,SUEZMAX,33922.56
2016-07-08,VLCC,56914.47
2016-07-08,SUEZMAX,30797.67
2016-07-15,VLCC,63643.03
2016-07-15,SUEZMAX,27960.83
2016-07-22,VLCC,59080.48
2016-07-22,SUEZMAX,32960.54
2016-07-29,VLCC,50627.85
2016-07-29,SUEZMAX,31418.9
2016-08-05,VLCC,49999.4
2016-08-05,SUEZMAX,24796.4
2016-08-12,VLCC,56816.13
2016-08-12,SUEZMAX,17736.5
2016-08-19,VLCC,48974.54
2016-08-19,SUEZMAX,18373.06
2016-08-26,VLCC,45936.21
2016-08-26,SUEZMAX,20794.62
2016-09-02,VLCC,41505.97
2016-09-02,SUEZMAX,16136.94
2016-09-09,VLCC,45244.88
2016-09-09,SUEZMAX,14483.43
2016-09-16,VLCC,45253.63
2016-09-16,SUEZMAX,10449.68
2016-09-23,VLCC,43725.09
2016-09-23,SUEZMAX,14835.83
2016-09-30,VLCC,44430.69
2016-09-30,SUEZMAX,11241.9
2016-10-07,VLCC,47453.95
2016-10-07,SUEZMAX,16691.28
2016-10-14,VLCC,42825.89
2016-10-14,SUEZMAX,10094.79
2016-10-21,VLCC,44696.45
2016-10-21,SUEZMAX,7269.81
2016-10-28,VLCC,46510.53
2016-10-28,SUEZMAX,8335.6
2016-11-04,VLCC,47856.4
2016-11-04,SUEZMAX,9368.48
2016-11-11,VLCC,49119.69
2016-11-11,SUEZMAX,5000.0
2016-11-18,VLCC,56649.22
2016-11-18,SUEZMAX,5000.0
2016-11-25,VLCC,46329.32
2016-11-25,SUEZMAX,5000.0
2016-12-02,VLCC,43786.87
2016-12-02,SUEZMAX,5000.0
2016-12-09,VLCC,25367.81
2016-12-09,SUEZMAX,7437.9
2016-12-16,VLCC,18427.41
2016-12-16,SUEZMAX,8682.7
2016-12-23,VLCC,17641.73
2016-12-23,SUEZMAX,8233.34
2016-12-30,VLCC,7888.79
2016-12-30,SUEZMAX,5656.86
2017-01-06,VLCC,12252.31
2017-01-06,SUEZMAX,7352.54
2017-01-13,VLCC,23451.12
2017-01-13,SUEZMAX,6346.56
2017-01-20,VLCC,25325.56
2017-01-20,SUEZMAX,8895.57
2017-01-27,VLCC,21465.92
2017-01-27,SUEZMAX,14617.53
2017-02-03,VLCC,22181.84
2017-02-03,SUEZMAX,18130.41
2017-02-10,VLCC,28137.75
2017-02-10,SUEZMAX,22063.1
2017-02-17,VLCC,24190.43
2017-02-17,SUEZMAX,22351.1
2017-02-24,VLCC,40812.49
2017-02-24,SUEZMAX,22344.72
2017-03-03,VLCC,24078.85
2017-03-03,SUEZMAX,29257.71
2017-03-10,VLCC,19624.36
2017-03-10,SUEZMAX,31913.31
2017-03-17,VLCC,19603.56
2017-03-17,SUEZMAX,33995.82
2017-03-24,VLCC,26210.8
2017-03-24,SUEZMAX,30022.07
2017-03-31,VLCC,28019.68
2017-03-31,SUEZMAX,31608.68
2017-04-07,VLCC,30659.78
2017-04-07,SUEZMAX,37539.92
2017-04-14,VLCC,34333.13
2017-04-14,SUEZMAX,43996.5
2017-04-21,VLCC,42266.98
2017-04-21,SUEZMAX,49171.16
2017-04-28,VLCC,41687.94
2017-04-28,SUEZMAX,54456.77
2017-05-05,VLCC,38207.59
2017-05-05,SUEZMAX,60966.35
2017-05-12,VLCC,21543.07
2017-05-12,SUEZMAX,57711.96
2017-05-19,VLCC,25864.78
2017-05-19,SUEZMAX,52758.27
2017-05-26,VLCC,32847.44
2017-05-26,SUEZMAX,58201.62
2017-06-02,VLCC,35434.48
2017-06-02,SUEZMAX,61406.79
2017-06-09,VLCC,34264.66
2017-06-09,SUEZMAX,72185.92
2017-06-16,VLCC,44209.55
2017-06-16,SUEZMAX,74058.45
2017-06-23,VLCC,52554.1
2017-06-23,SUEZMAX,69278.38
2017-06-30,VLCC,38740.36
2017-06-30,SUEZMAX,72061.22
2017-07-07,VLCC,38969.04
2017-07-07,SUEZMAX,69748.34
2017-07-14,VLCC,38265.28
2017-07-14,SUEZMAX,59732.59
2017-07-21,VLCC,29352.08
2017-07-21,SUEZMAX,51501.32
2017-07-28,VLCC,27215.09
2017-07-28,SUEZMAX,41489.06
2017-08-04,VLCC,30610.77
2017-08-04,SUEZMAX,38726.88
2017-08-11,VLCC,32981.04
2017-08-11,SUEZMAX,36772.15
2017-08-18,VLCC,37887.18
2017-08-18,SUEZMAX,35190.57
2017-08-25,VLCC,34709.53
2017-08-25,SUEZMAX,32377.24
2017-09-01,VLCC,45436.48
2017-09-01,SUEZMAX,30746.41
2017-09-08,VLCC,51115.51
2017-09-08,SUEZMAX,33793.48
2017-09-15,VLCC,47175.06
2017-09-15,SUEZMAX,28433.08
2017-09-22,VLCC,47537.06
2017-09-22,SUEZMAX,34866.95
2017-09-29,VLCC,50846.39
2017-09-29,SUEZMAX,40029.02
2017-10-06,VLCC,46735.97
2017-10-06,SUEZMAX,32686.86
2017-10-13,VLCC,56003.67
2017-10-13,SUEZMAX,34929.31
2017-10-20,VLCC,57838.15
2017-10-20,SUEZMAX,28739.64
2017-10-27,VLCC,59534.51
2017-10-27,SUEZMAX,28008.49
2017-11-03,VLCC,60745.09
2017-11-03,SUEZMAX,33892.5
2017-11-10,VLCC,61833.01
2017-11-10,SUEZMAX,28900.06
2017-11-17,VLCC,62978.51
2017-11-17,SUEZMAX,28647.04
2017-11-24,VLCC,65087.69
2017-11-24,SUEZMAX,37485.3
2017-12-01,VLCC,58963.03
2017-12-01,SUEZMAX,36644.31
2017-12-08,VLCC,56651.14
2017-12-08,SUEZMAX,38116.64
2017-12-15,VLCC,55561.55
2017-12-15,SUEZMAX,36661.17
2017-12-22,VLCC,63519.3
2017-12-22,SUEZMAX,37767.77
2017-12-29,VLCC,69961.71
2017-12-29,SUEZMAX,35996.5
2018-01-05,VLCC,67805.43
2018-01-05,SUEZMAX,44250.93
2018-01-12,VLCC,64739.12
2018-01-12,SUEZMAX,46671.37
2018-01-19,VLCC,64173.59
2018-01-19,SUEZMAX,39643.84
2018-01-26,VLCC,62730.41
2018-01-26,SUEZMAX,45532.03
2018-02-02,VLCC,62589.09
2018-02-02,SUEZMAX,49174.87
2018-02-09,VLCC,53876.01
2018-02-09,SUEZMAX,47697.82
2018-02-16,VLCC,52712.93
2018-02-16,SUEZMAX,42217.23
2018-02-23,VLCC,56566.62
2018-02-23,SUEZMAX,42139.18
2018-03-02,VLCC,46850.04
2018-03-02,SUEZMAX,48985.04
2018-03-09,VLCC,42380.8
2018-03-09,SUEZMAX,42896.42
2018-03-16,VLCC,41188.44
2018-03-16,SUEZMAX,46648.64
2018-03-23,VLCC,48923.78
2018-03-23,SUEZMAX,45496.81
2018-03-30,VLCC,43968.86
2018-03-30,SUEZMAX,42129.97
2018-04-06,VLCC,34672.26
2018-04-06,SUEZMAX,45316.29
2018-04-13,VLCC,40555.93
2018-04-13,SUEZMAX,46728.22
2018-04-20,VLCC,37910.69
2018-04-20,SUEZMAX,42068.18
2018-04-27,VLCC,44304.59
2018-04-27,SUEZMAX,34856.14
2018-05-04,VLCC,41345.85
2018-05-04,SUEZMAX,27121.66
2018-05-11,VLCC,43980.95
2018-05-11,SUEZMAX,30165.12
2018-05-18,VLCC,41921.79
2018-05-18,SUEZMAX,25171.44
2018-05-25,VLCC,51964.12
2018-05-25,SUEZMAX,23373.6
2018-06-01,VLCC,50212.63
2018-06-01,SUEZMAX,19193.05
2018-06-08,VLCC,38376.9
2018-06-08,SUEZMAX,29733.98
2018-06-15,VLCC,32094.6
2018-06-15,SUEZMAX,18948.49
2018-06-22,VLCC,36811.07
2018-06-22,SUEZMAX,23761.37
2018-06-29,VLCC,35804.33
2018-06-29,SUEZMAX,15208.84
2018-07-06,VLCC,40290.94
2018-07-06,SUEZMAX,20635.42
2018-07-13,VLCC,35903.47
2018-07-13,SUEZMAX,23144.36
2018-07-20,VLCC,40443.56
2018-07-20,SUEZMAX,28775.95
2018-07-27,VLCC,46035.82
2018-07-27,SUEZMAX,33435.26
2018-08-03,VLCC,47104.91
2018-08-03,SUEZMAX,31499.68
2018-08-10,VLCC,51688.48
2018-08-10,SUEZMAX,28889.14
2018-08-17,VLCC,57430.11
2018-08-17,SUEZMAX,32269.02
2018-08-24,VLCC,62514.03
2018-08-24,SUEZMAX,28955.24
2018-08-31,VLCC,48903.37
2018-08-31,SUEZMAX,34529.47
2018-09-07,VLCC,42626.82
2018-09-07,SUEZMAX,35477.65
2018-09-14,VLCC,35462.63
2018-09-14,SUEZMAX,39197.25
2018-09-21,VLCC,31256.52
2018-09-21,SUEZMAX,43779.32
2018-09-28,VLCC,28129.81
2018-09-28,SUEZMAX,33205.56
2018-10-05,VLCC,35873.88
2018-10-05,SUEZMAX,29631.16
2018-10-12,VLCC,33710.0
2018-10-12,SUEZMAX,26205.78
2018-10-19,VLCC,40984.2
2018-10-19,SUEZMAX,27859.52
2018-10-26,VLCC,38975.78
2018-10-26,SUEZMAX,27175.36
2018-11-02,VLCC,32849.53
2018-11-02,SUEZMAX,29582.95
2018-11-09,VLCC,28249.92
2018-11-09,SUEZMAX,30035.98
2018-11-16,VLCC,30612.5
2018-11-16,SUEZMAX,25514.94
2018-11-23,VLCC,35508.53
2018-11-23,SUEZMAX,21886.45
2018-11-30,VLCC,36770.55
2018-11-30,SUEZMAX,23726.97
2018-12-07,VLCC,35207.85
2018-12-07,SUEZMAX,26700.63
2018-12-14,VLCC,38284.61
2018-12-14,SUEZMAX,24133.46
2018-12-21,VLCC,43133.77
2018-12-21,SUEZMAX,26243.68
2018-12-28,VLCC,33271.15
2018-12-28,SUEZMAX,32317.11
2019-01-04,VLCC,28919.96
2019-01-04,SUEZMAX,29552.39
2019-01-11,VLCC,19290.21
2019-01-11,SUEZMAX,23254.14
2019-01-18,VLCC,23927.03
2019-01-18,SUEZMAX,26123.05
2019-01-25,VLCC,31156.96
2019-01-25,SUEZMAX,28447.78
2019-02-01,VLCC,22256.25
2019-02-01,SUEZMAX,25395.88
2019-02-08,VLCC,20368.06
2019-02-08,SUEZMAX,24491.92
2019-02-15,VLCC,28085.83
2019-02-15,SUEZMAX,16851.31
2019-02-22,VLCC,28534.67
2019-02-22,SUEZMAX,8584.84
2019-03-01,VLCC,23398.22
2019-03-01,SUEZMAX,6457.14
2019-03-08,VLCC,18939.54
2019-03-08,SUEZMAX,5000.0
2019-03-15,VLCC,22042.14
2019-03-15,SUEZMAX,5000.0
2019-03-22,VLCC,29410.33
2019-03-22,SUEZMAX,13320.23
2019-03-29,VLCC,26576.85
2019-03-29,SUEZMAX,10508.11
2019-04-05,VLCC,19155.55
2019-04-05,SUEZMAX,17241.32
2019-04-12,VLCC,26281.95
2019-04-12,SUEZMAX,16280.19
2019-04-19,VLCC,33428.09
2019-04-19,SUEZMAX,16882.58
2019-04-26,VLCC,32484.88
2019-04-26,SUEZMAX,16090.36
2019-05-03,VLCC,30624.76
2019-05-03,SUEZMAX,5368.31
2019-05-10,VLCC,39045.2
2019-05-10,SUEZMAX,12562.49
2019-05-17,VLCC,35429.62
2019-05-17,SUEZMAX,18276.09
2019-05-24,VLCC,39248.42
2019-05-24,SUEZMAX,19900.55
2019-05-31,VLCC,45429.96
2019-05-31,SUEZMAX,21994.26
2019-06-07,VLCC,48113.66
2019-06-07,SUEZMAX,32351.77
2019-06-14,VLCC,42552.38
2019-06-14,SUEZMAX,34582.21
2019-06-21,VLCC,36852.8
2019-06-21,SUEZMAX,40823.97
2019-06-28,VLCC,29763.24
2019-06-28,SUEZMAX,35587.44
2019-07-05,VLCC,29204.23
2019-07-05,SUEZMAX,37519.38
2019-07-12,VLCC,31153.41
2019-07-12,SUEZMAX,30893.85
2019-07-19,VLCC,30709.98
2019-07-19,SUEZMAX,33939.25
2019-07-26,VLCC,32905.07
2019-07-26,SUEZMAX,32287.46
2019-08-02,VLCC,31721.36
2019-08-02,SUEZMAX,26720.56
2019-08-09,VLCC,36742.9
2019-08-09,SUEZMAX,27386.47
2019-08-16,VLCC,44841.19
2019-08-16,SUEZMAX,31552.46
2019-08-23,VLCC,32465.27
2019-08-23,SUEZMAX,23561.61
2019-08-30,VLCC,42160.11
2019-08-30,SUEZMAX,19321.73
2019-09-06,VLCC,47963.62
2019-09-06,SUEZMAX,19596.66
2019-09-13,VLCC,49078.38
2019-09-13,SUEZMAX,12837.34
2019-09-20,VLCC,51518.8
2019-09-20,SUEZMAX,5000.0
2019-09-27,VLCC,35145.64
2019-09-27,SUEZMAX,5000.0
2019-10-04,VLCC,49115.7
2019-10-04,SUEZMAX,7135.66
2019-10-11,VLCC,53640.91
2019-10-11,SUEZMAX,9972.34
2019-10-18,VLCC,51017.83
2019-10-18,SUEZMAX,5000.0
2019-10-25,VLCC,60321.37
2019-10-25,SUEZMAX,6340.23
2019-11-01,VLCC,62688.69
2019-11-01,SUEZMAX,6463.38
2019-11-08,VLCC,53008.18
2019-11-08,SUEZMAX,11294.1
2019-11-15,VLCC,64053.92
2019-11-15,SUEZMAX,12813.72
2019-11-22,VLCC,73278.63
2019-11-22,SUEZMAX,9052.2
2019-11-29,VLCC,70635.21
2019-11-29,SUEZMAX,14682.51
2019-12-06,VLCC,70468.04
2019-12-06,SUEZMAX,16414.85
2019-12-13,VLCC,78050.69
2019-12-13,SUEZMAX,16127.09
2019-12-20,VLCC,81507.05
2019-12-20,SUEZMAX,20198.04
2019-12-27,VLCC,69997.36
2019-12-27,SUEZMAX,16667.86
2020-01-03,VLCC,62937.17
2020-01-03,SUEZMAX,19966.49
2020-01-10,VLCC,55345.88
2020-01-10,SUEZMAX,14664.75
2020-01-17,VLCC,46906.42
2020-01-17,SUEZMAX,19101.1
2020-01-24,VLCC,40447.62
2020-01-24,SUEZMAX,26209.97
2020-01-31,VLCC,39296.04
2020-01-31,SUEZMAX,25992.05
2020-02-07,VLCC,30811.86
2020-02-07,SUEZMAX,33546.41
2020-02-14,VLCC,30015.86
2020-02-14,SUEZMAX,36110.33
2020-02-21,VLCC,33347.17
2020-02-21,SUEZMAX,31521.14
2020-02-28,VLCC,35117.32
2020-02-28,SUEZMAX,26911.03
2020-03-06,VLCC,38170.15
2020-03-06,SUEZMAX,28599.68
2020-03-13,VLCC,34328.23
2020-03-13,SUEZMAX,24576.75
2020-03-20,VLCC,36794.52
2020-03-20,SUEZMAX,31583.8
2020-03-27,VLCC,34007.4
2020-03-27,SUEZMAX,29700.37
2020-04-03,VLCC,43085.25
2020-04-03,SUEZMAX,25697.97
2020-04-10,VLCC,32472.76
2020-04-10,SUEZMAX,32458.82
2020-04-17,VLCC,32163.7
2020-04-17,SUEZMAX,23713.0
2020-04-24,VLCC,34903.72
2020-04-24,SUEZMAX,13822.22
2020-05-01,VLCC,33826.3
2020-05-01,SUEZMAX,15921.38
2020-05-08,VLCC,20253.15
2020-05-08,SUEZMAX,23332.1
2020-05-15,VLCC,22349.65
2020-05-15,SUEZMAX,27080.3
2020-05-22,VLCC,29936.09
2020-05-22,SUEZMAX,27167.67
2020-05-29,VLCC,37244.74
2020-05-29,SUEZMAX,31425.01
2020-06-05,VLCC,32793.56
2020-06-05,SUEZMAX,21449.52
2020-06-12,VLCC,38219.85
2020-06-12,SUEZMAX,16465.48
2020-06-19,VLCC,43480.17
2020-06-19,SUEZMAX,17883.46
2020-06-26,VLCC,48151.64
2020-06-26,SUEZMAX,17857.55
2020-07-03,VLCC,45147.39
2020-07-03,SUEZMAX,18762.14
2020-07-10,VLCC,46315.46
2020-07-10,SUEZMAX,26983.54
2020-07-17,VLCC,44343.91
2020-07-17,SUEZMAX,29974.14
2020-07-24,VLCC,48196.87
2020-07-24,SUEZMAX,45210.3
2020-07-31,VLCC,58067.66
2020-07-31,SUEZMAX,40063.6
2020-08-07,VLCC,50335.27
2020-08-07,SUEZMAX,37514.38
2020-08-14,VLCC,59796.09
2020-08-14,SUEZMAX,41905.22
2020-08-21,VLCC,53459.85
2020-08-21,SUEZMAX,42533.29
2020-08-28,VLCC,48644.39
2020-08-28,SUEZMAX,38687.64
2020-09-04,VLCC,57562.74
2020-09-04,SUEZMAX,27332.62
2020-09-11,VLCC,57556.97
2020-09-11,SUEZMAX,31200.85
2020-09-18,VLCC,56330.58
2020-09-18,SUEZMAX,31873.15
2020-09-25,VLCC,60789.79
2020-09-25,SUEZMAX,26142.55
2020-10-02,VLCC,60380.83
2020-10-02,SUEZMAX,30587.15
2020-10-09,VLCC,61891.39
2020-10-09,SUEZMAX,27775.02
2020-10-16,VLCC,73094.97
2020-10-16,SUEZMAX,27961.26
2020-10-23,VLCC,64856.41
2020-10-23,SUEZMAX,21861.04
2020-10-30,VLCC,58214.63
2020-10-30,SUEZMAX,49485.26
2020-11-06,VLCC,59261.85
2020-11-06,SUEZMAX,44954.77
2020-11-13,VLCC,53717.84
2020-11-13,SUEZMAX,43921.96
2020-11-20,VLCC,49471.69
2020-11-20,SUEZMAX,40913.18
2020-11-27,VLCC,44672.11
2020-11-27,SUEZMAX,32418.5
2020-12-04,VLCC,56668.63
2020-12-04,SUEZMAX,28541.7
2020-12-11,VLCC,64771.7
2020-12-11,SUEZMAX,26364.39
2020-12-18,VLCC,62616.61
2020-12-18,SUEZMAX,14498.12
2020-12-25,VLCC,64203.86
2020-12-25,SUEZMAX,14981.84
2021-01-01,VLCC,68800.5
2021-01-01,SUEZMAX,10458.17
2021-01-08,VLCC,74587.82
2021-01-08,SUEZMAX,21000.8
2021-01-15,VLCC,66532.13
2021-01-15,SUEZMAX,19492.31
2021-01-22,VLCC,66252.78
2021-01-22,SUEZMAX,18523.48
2021-01-29,VLCC,63028.37
2021-01-29,SUEZMAX,24114.64
2021-02-05,VLCC,67781.14
2021-02-05,SUEZMAX,23964.55
2021-02-12,VLCC,66892.82
2021-02-12,SUEZMAX,30302.86
2021-02-19,VLCC,64494.66
2021-02-19,SUEZMAX,35405.39
2021-02-26,VLCC,54532.12
2021-02-26,SUEZMAX,34329.7
2021-03-05,VLCC,48167.37
2021-03-05,SUEZMAX,31338.52
2021-03-12,VLCC,44144.69
2021-03-12,SUEZMAX,27638.74
2021-03-19,VLCC,48396.88
2021-03-19,SUEZMAX,36866.28
2021-03-26,VLCC,43932.06
2021-03-26,SUEZMAX,35347.34
2021-04-02,VLCC,40918.97
2021-04-02,SUEZMAX,23110.66
2021-04-09,VLCC,41628.55
2021-04-09,SUEZMAX,18797.42
2021-04-16,VLCC,39578.14
2021-04-16,SUEZMAX,22015.49
2021-04-23,VLCC,40898.5
2021-04-23,SUEZMAX,24719.04
2021-04-30,VLCC,50525.92
2021-04-30,SUEZMAX,32741.43
2021-05-07,VLCC,46589.74
2021-05-07,SUEZMAX,35181.4
2021-05-14,VLCC,47594.86
2021-05-14,SUEZMAX,42526.65
2021-05-21,VLCC,43715.2
2021-05-21,SUEZMAX,46833.79
2021-05-28,VLCC,44639.11
2021-05-28,SUEZMAX,44620.59
2021-06-04,VLCC,39009.22
2021-06-04,SUEZMAX,40001.9
2021-06-11,VLCC,32295.91
2021-06-11,SUEZMAX,40218.09
2021-06-18,VLCC,35716.46
2021-06-18,SUEZMAX,41787.59
2021-06-25,VLCC,40075.97
2021-06-25,SUEZMAX,39310.05
2021-07-02,VLCC,33881.6
2021-07-02,SUEZMAX,42215.61
2021-07-09,VLCC,26965.25
2021-07-09,SUEZMAX,36590.41
2021-07-16,VLCC,19055.2
2021-07-16,SUEZMAX,36907.61
2021-07-23,VLCC,16119.13
2021-07-23,SUEZMAX,36888.59
2021-07-30,VLCC,32214.06
2021-07-30,SUEZMAX,39447.9
2021-08-06,VLCC,25070.31
2021-08-06,SUEZMAX,40894.15
2021-08-13,VLCC,32809.39
2021-08-13,SUEZMAX,36454.86
2021-08-20,VLCC,24325.03
2021-08-20,SUEZMAX,29418.83
2021-08-27,VLCC,31885.7
2021-08-27,SUEZMAX,28040.8
2021-09-03,VLCC,27439.22
2021-09-03,SUEZMAX,23957.68
2021-09-10,VLCC,35292.41
2021-09-10,SUEZMAX,25597.3
2021-09-17,VLCC,33224.98
2021-09-17,SUEZMAX,36588.94
2021-09-24,VLCC,46596.66
2021-09-24,SUEZMAX,36200.62
2021-10-01,VLCC,51973.8
2021-10-01,SUEZMAX,43434.46
2021-10-08,VLCC,55329.87
2021-10-08,SUEZMAX,45940.78
2021-10-15,VLCC,56221.94
2021-10-15,SUEZMAX,43729.63
2021-10-22,VLCC,47462.21
2021-10-22,SUEZMAX,44967.12
2021-10-29,VLCC,44987.8
2021-10-29,SUEZMAX,48091.01
2021-11-05,VLCC,48942.48
2021-11-05,SUEZMAX,51825.12
2021-11-12,VLCC,42829.33
2021-11-12,SUEZMAX,53586.29
2021-11-19,VLCC,41962.19
2021-11-19,SUEZMAX,58120.44
2021-11-26,VLCC,36361.29
2021-11-26,SUEZMAX,56956.4
2021-12-03,VLCC,39557.12
2021-12-03,SUEZMAX,60177.45
2021-12-10,VLCC,52486.84
2021-12-10,SUEZMAX,57671.32
2021-12-17,VLCC,50696.53
2021-12-17,SUEZMAX,52853.04
2021-12-24,VLCC,53180.79
2021-12-24,SUEZMAX,58474.63
2021-12-31,VLCC,49440.48
2021-12-31,SUEZMAX,61076.92
2022-01-07,VLCC,48733.94
2022-01-07,SUEZMAX,60367.4
2022-01-14,VLCC,49131.38
2022-01-14,SUEZMAX,53267.03
2022-01-21,VLCC,52558.64
2022-01-21,SUEZMAX,53027.62
2022-01-28,VLCC,54956.6
2022-01-28,SUEZMAX,50888.2
2022-02-04,VLCC,55768.07
2022-02-04,SUEZMAX,50134.16
2022-02-11,VLCC,66722.26
2022-02-11,SUEZMAX,49457.77
2022-02-18,VLCC,66973.33
2022-02-18,SUEZMAX,45868.77
2022-02-25,VLCC,75750.65
2022-02-25,SUEZMAX,43903.7
2022-03-04,VLCC,76141.22
2022-03-04,SUEZMAX,52787.53
2022-03-11,VLCC,67100.56
2022-03-11,SUEZMAX,55200.05
2022-03-18,VLCC,64230.54
2022-03-18,SUEZMAX,48150.37
2022-03-25,VLCC,62154.2
2022-03-25,SUEZMAX,46660.17
2022-04-01,VLCC,55018.31
2022-04-01,SUEZMAX,51397.2
2022-04-08,VLCC,48765.84
2022-04-08,SUEZMAX,50413.35
2022-04-15,VLCC,39542.71
2022-04-15,SUEZMAX,51095.69
2022-04-22,VLCC,42951.18
2022-04-22,SUEZMAX,45672.29
2022-04-29,VLCC,48383.46
2022-04-29,SUEZMAX,43548.63
2022-05-06,VLCC,48496.32
2022-05-06,SUEZMAX,41685.69
2022-05-13,VLCC,64839.27
2022-05-13,SUEZMAX,29294.91
2022-05-20,VLCC,63092.55
2022-05-20,SUEZMAX,26011.23
2022-05-27,VLCC,60423.6
2022-05-27,SUEZMAX,23085.69
2022-06-03,VLCC,59934.47
2022-06-03,SUEZMAX,24660.01
2022-06-10,VLCC,60520.6
2022-06-10,SUEZMAX,17672.9
2022-06-17,VLCC,63209.99
2022-06-17,SUEZMAX,10335.64
2022-06-24,VLCC,64665.7
2022-06-24,SUEZMAX,19286.56
2022-07-01,VLCC,54472.82
2022-07-01,SUEZMAX,19756.2
2022-07-08,VLCC,46419.09
2022-07-08,SUEZMAX,20595.54
2022-07-15,VLCC,39074.49
2022-07-15,SUEZMAX,11749.77
2022-07-22,VLCC,38831.29
2022-07-22,SUEZMAX,5000.0
2022-07-29,VLCC,42429.63
2022-07-29,SUEZMAX,9344.14
2022-08-05,VLCC,50805.03
2022-08-05,SUEZMAX,11122.75
2022-08-12,VLCC,37790.64
2022-08-12,SUEZMAX,6852.19
2022-08-19,VLCC,36311.35
2022-08-19,SUEZMAX,10187.88
2022-08-26,VLCC,49411.07
2022-08-26,SUEZMAX,17206.76
2022-09-02,VLCC,63885.95
2022-09-02,SUEZMAX,16955.37
2022-09-09,VLCC,67805.31
2022-09-09,SUEZMAX,17030.74
2022-09-16,VLCC,81054.36
2022-09-16,SUEZMAX,10220.56
2022-09-23,VLCC,76242.53
2022-09-23,SUEZMAX,12127.13
2022-09-30,VLCC,66298.41
2022-09-30,SUEZMAX,12323.42
2022-10-07,VLCC,64408.61
2022-10-07,SUEZMAX,14266.41
2022-10-14,VLCC,65433.59
2022-10-14,SUEZMAX,10071.2
2022-10-21,VLCC,72143.84
2022-10-21,SUEZMAX,16019.34
2022-10-28,VLCC,75950.82
2022-10-28,SUEZMAX,21770.43
2022-11-04,VLCC,76468.54
2022-11-04,SUEZMAX,24830.78
2022-11-11,VLCC,74988.59
2022-11-11,SUEZMAX,29388.96
2022-11-18,VLCC,60228.31
2022-11-18,SUEZMAX,34494.99
2022-11-25,VLCC,59719.26
2022-11-25,SUEZMAX,28184.5
2022-12-02,VLCC,50009.68
2022-12-02,SUEZMAX,28522.35
2022-12-09,VLCC,44368.1
2022-12-09,SUEZMAX,21726.3
2022-12-16,VLCC,40442.79
2022-12-16,SUEZMAX,20021.46
2022-12-23,VLCC,45616.82
2022-12-23,SUEZMAX,35412.87
2022-12-30,VLCC,49879.14
2022-12-30,SUEZMAX,37077.93
2023-01-06,VLCC,49935.31
2023-01-06,SUEZMAX,38039.1
2023-01-13,VLCC,40966.32
2023-01-13,SUEZMAX,42295.33
2023-01-20,VLCC,41538.17
2023-01-20,SUEZMAX,39333.26
2023-01-27,VLCC,50058.88
2023-01-27,SUEZMAX,37683.04
2023-02-03,VLCC,54784.21
2023-02-03,SUEZMAX,35177.78
2023-02-10,VLCC,58443.99
2023-02-10,SUEZMAX,30934.63
2023-02-17,VLCC,55279.89
2023-02-17,SUEZMAX,27938.72
2023-02-24,VLCC,49992.6
2023-02-24,SUEZMAX,26631.6
2023-03-03,VLCC,51967.78
2023-03-03,SUEZMAX,30632.05
2023-03-10,VLCC,59249.3
2023-03-10,SUEZMAX,30865.17
2023-03-17,VLCC,57253.9
2023-03-17,SUEZMAX,35407.48
2023-03-24,VLCC,59643.65
2023-03-24,SUEZMAX,33919.19
2023-03-31,VLCC,66889.81
2023-03-31,SUEZMAX,32309.5
2023-04-07,VLCC,61089.37
2023-04-07,SUEZMAX,33997.45
2023-04-14,VLCC,58582.06
2023-04-14,SUEZMAX,28303.75
2023-04-21,VLCC,48582.11
2023-04-21,SUEZMAX,29272.7
2023-04-28,VLCC,42547.86
2023-04-28,SUEZMAX,25869.13
2023-05-05,VLCC,31025.32
2023-05-05,SUEZMAX,26222.15
2023-05-12,VLCC,30639.68
2023-05-12,SUEZMAX,37497.11
2023-05-19,VLCC,37818.64
2023-05-19,SUEZMAX,33568.45
2023-05-26,VLCC,41069.49
2023-05-26,SUEZMAX,40291.82
2023-06-02,VLCC,42253.03
2023-06-02,SUEZMAX,45800.81
2023-06-09,VLCC,45200.62
2023-06-09,SUEZMAX,43505.67
2023-06-16,VLCC,36681.82
2023-06-16,SUEZMAX,41961.87
2023-06-23,VLCC,30811.25
2023-06-23,SUEZMAX,41213.74
2023-06-30,VLCC,33872.65
2023-06-30,SUEZMAX,36673.22
2023-07-07,VLCC,22111.95
2023-07-07,SUEZMAX,36948.21
2023-07-14,VLCC,19308.63
2023-07-14,SUEZMAX,42215.64
2023-07-21,VLCC,16763.25
2023-07-21,SUEZMAX,43180.54
2023-07-28,VLCC,16934.66
2023-07-28,SUEZMAX,41188.63
2023-08-04,VLCC,12840.64
2023-08-04,SUEZMAX,38738.0
2023-08-11,VLCC,14662.98
2023-08-11,SUEZMAX,37819.58
2023-08-18,VLCC,29559.26
2023-08-18,SUEZMAX,37739.59
2023-08-25,VLCC,30824.0
2023-08-25,SUEZMAX,40664.35
2023-09-01,VLCC,29146.63
2023-09-01,SUEZMAX,41373.21
2023-09-08,VLCC,33106.28
2023-09-08,SUEZMAX,36910.76
2023-09-15,VLCC,35831.4
2023-09-15,SUEZMAX,32422.76
2023-09-22,VLCC,24758.65
2023-09-22,SUEZMAX,35754.73
2023-09-29,VLCC,39387.75
2023-09-29,SUEZMAX,32365.8
2023-10-06,VLCC,39077.78
2023-10-06,SUEZMAX,35377.49
2023-10-13,VLCC,31471.03
2023-10-13,SUEZMAX,42658.69
2023-10-20,VLCC,15168.41
2023-10-20,SUEZMAX,41856.86
2023-10-27,VLCC,21621.38
2023-10-27,SUEZMAX,42898.02
2023-11-03,VLCC,27069.07
2023-11-03,SUEZMAX,39063.09
2023-11-10,VLCC,42076.32
2023-11-10,SUEZMAX,38183.9
2023-11-17,VLCC,33799.14
2023-11-17,SUEZMAX,27340.7
2023-11-24,VLCC,42686.67
2023-11-24,SUEZMAX,29813.09
2023-12-01,VLCC,48846.37
2023-12-01,SUEZMAX,37364.19
2023-12-08,VLCC,41292.4
2023-12-08,SUEZMAX,36469.74
2023-12-15,VLCC,50640.06
2023-12-15,SUEZMAX,28808.07
